{
  "model": {
    "type": "minecraft:select",
    "property": "minecraft:custom_model_data",
    "index": 0,
    "cases": [
      {
        "when": "sombrero",
        "model": {
          "type": "minecraft:model",
          "model": "thecrown:item/susso"
        }
      },
      {
        "when": "piano",
        "model": {
          "type": "minecraft:model",
          "model": "thecrown:item/piano"
        }
      },
      {
        "when": "cloud",
        "model": {
          "type": "minecraft:model",
          "model": "thecrown:item/cloud"
        }
      }
    ],
    "fallback": {
      "type": "minecraft:model",
      "model": "minecraft:item/diamond"
    }
  }
}