{
	"credit": "Made with Blockbench",
	"texture_size": [128, 128],
	"textures": {
		"0": "thecrown:item/cloud",
		"particle": "thecrown:item/cloud"
	},
	"elements": [
		{
			"from": [-8, 10, -8],
			"to": [0, 17, 23],
			"rotation": {"angle": 0, "axis": "y", "origin": [-9, 15, 22]},
			"faces": {
				"north": {"uv": [0, 0, 1, 0.875], "texture": "#0"},
				"east": {"uv": [0, 0, 3.875, 0.875], "texture": "#0"},
				"south": {"uv": [0.75, 0.875, 1.75, 1.75], "texture": "#0"},
				"west": {"uv": [6.125, 1.75, 10, 2.625], "texture": "#0"},
				"up": {"uv": [0.375, 1.875, 1.375, 5.75], "texture": "#0"},
				"down": {"uv": [0, 0, 1, 3.875], "texture": "#0"}
			}
		},
		{
			"from": [-9, 11, -7],
			"to": [-8, 16, 9],
			"rotation": {"angle": 0, "axis": "y", "origin": [-9, 15, 22]},
			"faces": {
				"north": {"uv": [0, 0, 0.125, 0.625], "texture": "#0"},
				"east": {"uv": [0, 0, 2, 0.625], "texture": "#0"},
				"south": {"uv": [0, 0, 0.125, 0.625], "texture": "#0"},
				"west": {"uv": [1.875, 2, 3.875, 2.625], "texture": "#0"},
				"up": {"uv": [0, 0, 0.125, 2], "texture": "#0"},
				"down": {"uv": [0, 0, 0.125, 2], "texture": "#0"}
			}
		},
		{
			"from": [1, 4, 4],
			"to": [11, 18, 20],
			"rotation": {"angle": 0, "axis": "y", "origin": [11, 16, 18]},
			"faces": {
				"north": {"uv": [1.125, 0, 2.375, 1.75], "texture": "#0"},
				"east": {"uv": [1.125, 0, 3.125, 1.75], "texture": "#0"},
				"south": {"uv": [1.125, 0, 2.375, 1.75], "texture": "#0"},
				"west": {"uv": [1.125, 0, 3.125, 1.75], "texture": "#0"},
				"up": {"uv": [1.125, 0, 2.375, 2], "texture": "#0"},
				"down": {"uv": [1.125, 0, 2.375, 2], "texture": "#0"}
			}
		},
		{
			"from": [-4, -5, -5],
			"to": [5, 4, 4],
			"rotation": {"angle": 0, "axis": "y", "origin": [5, 7, 11]},
			"faces": {
				"north": {"uv": [1.125, 0, 2.25, 1.125], "texture": "#0"},
				"east": {"uv": [5.875, 6.375, 7, 7.5], "texture": "#0"},
				"south": {"uv": [1.125, 0, 2.25, 1.125], "texture": "#0"},
				"west": {"uv": [1.125, 0, 2.25, 1.125], "texture": "#0"},
				"up": {"uv": [1.125, 0, 2.25, 1.125], "texture": "#0"},
				"down": {"uv": [1.125, 0, 2.25, 1.125], "texture": "#0"}
			}
		},
		{
			"from": [2, -16, 6],
			"to": [8, -10, 11],
			"rotation": {"angle": 0, "axis": "y", "origin": [11, -4, 18]},
			"faces": {
				"north": {"uv": [1.125, 0, 1.875, 0.75], "texture": "#0"},
				"east": {"uv": [1.125, 0, 1.75, 0.75], "texture": "#0"},
				"south": {"uv": [1.125, 0, 1.875, 0.75], "texture": "#0"},
				"west": {"uv": [1.25, 1.125, 1.875, 1.875], "texture": "#0"},
				"up": {"uv": [1.125, 0, 1.875, 0.625], "texture": "#0"},
				"down": {"uv": [1.125, 0, 1.875, 0.625], "texture": "#0"}
			}
		},
		{
			"from": [4, -12, 2],
			"to": [7, -8, 6],
			"rotation": {"angle": 0, "axis": "y", "origin": [11, -1, 14]},
			"faces": {
				"north": {"uv": [1.125, 0, 1.5, 0.5], "texture": "#0"},
				"east": {"uv": [1.125, 0, 1.625, 0.5], "texture": "#0"},
				"south": {"uv": [1.125, 0, 1.5, 0.5], "texture": "#0"},
				"west": {"uv": [1.125, 0, 1.625, 0.5], "texture": "#0"},
				"up": {"uv": [1.125, 0, 1.5, 0.5], "texture": "#0"},
				"down": {"uv": [1.125, 0, 1.5, 0.5], "texture": "#0"}
			}
		},
		{
			"from": [8, -6, 2],
			"to": [17, 3, 11],
			"rotation": {"angle": 0, "axis": "y", "origin": [17, 5, 18]},
			"faces": {
				"north": {"uv": [1.125, 0, 2.25, 1.125], "texture": "#0"},
				"east": {"uv": [1.125, 0.625, 2.25, 1.75], "texture": "#0"},
				"south": {"uv": [1.125, 0, 2.25, 1.125], "texture": "#0"},
				"west": {"uv": [1.125, 0, 2.25, 1.125], "texture": "#0"},
				"up": {"uv": [1.125, 0, 2.25, 1.125], "texture": "#0"},
				"down": {"uv": [1.125, 0, 2.25, 1.125], "texture": "#0"}
			}
		},
		{
			"from": [-3, -8, 8],
			"to": [6, 3, 17],
			"rotation": {"angle": 0, "axis": "y", "origin": [6, 4, 24]},
			"faces": {
				"north": {"uv": [1.125, 0, 2.25, 1.375], "texture": "#0"},
				"east": {"uv": [1.125, 0, 2.25, 1.375], "texture": "#0"},
				"south": {"uv": [1.125, 0, 2.25, 1.375], "texture": "#0"},
				"west": {"uv": [1.125, 0, 2.25, 1.375], "texture": "#0"},
				"up": {"uv": [1.125, 0, 2.25, 1.125], "texture": "#0"},
				"down": {"uv": [1.125, 0, 2.25, 1.125], "texture": "#0"}
			}
		},
		{
			"from": [13, 9, -8],
			"to": [24, 18, 18],
			"rotation": {"angle": 0, "axis": "y", "origin": [13, 16, -6]},
			"faces": {
				"north": {"uv": [0, 0, 2.125, 2], "texture": "#0"},
				"east": {"uv": [0, 0, 3.25, 2.375], "texture": "#0"},
				"south": {"uv": [1.75, 0, 3.125, 1.125], "texture": "#0"},
				"west": {"uv": [0, 0, 3.25, 1.125], "texture": "#0"},
				"up": {"uv": [0, 2, 1.375, 5.25], "texture": "#0"},
				"down": {"uv": [0.625, 0.125, 2, 3.375], "texture": "#0"}
			}
		},
		{
			"from": [15, 6, -4],
			"to": [22, 9, 11],
			"rotation": {"angle": 0, "axis": "y", "origin": [13, 9, -6]},
			"faces": {
				"north": {"uv": [0, 0, 0.875, 0.375], "texture": "#0"},
				"east": {"uv": [0, 0, 1.875, 0.375], "texture": "#0"},
				"south": {"uv": [0, 0, 0.875, 0.375], "texture": "#0"},
				"west": {"uv": [0, 0, 1.875, 0.375], "texture": "#0"},
				"up": {"uv": [0, 0, 0.875, 1.875], "texture": "#0"},
				"down": {"uv": [0, 0, 0.875, 1.875], "texture": "#0"}
			}
		},
		{
			"from": [1, 5, -7],
			"to": [12, 17, 2],
			"rotation": {"angle": 0, "axis": "y", "origin": [9, 15, 0]},
			"faces": {
				"north": {"uv": [0, 0, 1.375, 1.5], "texture": "#0"},
				"east": {"uv": [0, 0, 1.125, 1.5], "texture": "#0"},
				"south": {"uv": [0, 0, 1.375, 1.5], "texture": "#0"},
				"west": {"uv": [0, 0, 1.125, 1.5], "texture": "#0"},
				"up": {"uv": [0, 2.25, 1.375, 3.375], "texture": "#0"},
				"down": {"uv": [0, 0, 1.375, 1.125], "texture": "#0"}
			}
		},
		{
			"from": [2, 6, -9],
			"to": [11, 16, -7],
			"rotation": {"angle": 0, "axis": "y", "origin": [9, 15, 0]},
			"faces": {
				"north": {"uv": [2.375, 0.625, 4.5, 2.5], "texture": "#0"},
				"east": {"uv": [0, 0, 0.25, 1.25], "texture": "#0"},
				"south": {"uv": [0, 0, 1.125, 1.25], "texture": "#0"},
				"west": {"uv": [0, 0, 0.25, 1.25], "texture": "#0"},
				"up": {"uv": [0, 0, 1.125, 0.25], "texture": "#0"},
				"down": {"uv": [0, 0, 1.125, 0.25], "texture": "#0"}
			}
		},
		{
			"from": [2, 12, 21],
			"to": [22, 17, 24],
			"rotation": {"angle": 0, "axis": "y", "origin": [2, 15, 22]},
			"faces": {
				"north": {"uv": [0, 0, 2.5, 0.625], "texture": "#0"},
				"east": {"uv": [0, 0, 0.375, 0.625], "texture": "#0"},
				"south": {"uv": [2.625, 0.5, 5.125, 1.125], "texture": "#0"},
				"west": {"uv": [0, 0, 0.375, 0.625], "texture": "#0"},
				"up": {"uv": [0, 0, 2.5, 0.375], "texture": "#0"},
				"down": {"uv": [0, 0, 2.5, 0.375], "texture": "#0"}
			}
		},
		{
			"from": [-7, -3, -3],
			"to": [-4, 2, 2],
			"rotation": {"angle": 0, "axis": "y", "origin": [-6, 0, 0]},
			"faces": {
				"north": {"uv": [0, 0, 0.375, 0.625], "texture": "#0"},
				"east": {"uv": [0, 0, 0.625, 0.625], "texture": "#0"},
				"south": {"uv": [0, 0, 0.375, 0.625], "texture": "#0"},
				"west": {"uv": [0, 0, 0.625, 0.625], "texture": "#0"},
				"up": {"uv": [0, 0, 0.375, 0.625], "texture": "#0"},
				"down": {"uv": [0, 0, 0.375, 0.625], "texture": "#0"}
			}
		},
		{
			"from": [9, -5, 0],
			"to": [14, 0, 2],
			"rotation": {"angle": 0, "axis": "y", "origin": [8, -4, 0]},
			"faces": {
				"north": {"uv": [0, 0, 0.625, 0.625], "texture": "#0"},
				"east": {"uv": [0, 0, 0.25, 0.625], "texture": "#0"},
				"south": {"uv": [0, 0, 0.625, 0.625], "texture": "#0"},
				"west": {"uv": [0, 0, 0.25, 0.625], "texture": "#0"},
				"up": {"uv": [0, 0, 0.625, 0.25], "texture": "#0"},
				"down": {"uv": [0, 0, 0.625, 0.25], "texture": "#0"}
			}
		},
		{
			"from": [-2, -6, 17],
			"to": [5, 2, 22],
			"rotation": {"angle": 0, "axis": "y", "origin": [0, 0, 17]},
			"faces": {
				"north": {"uv": [0, 0, 0.875, 1], "texture": "#0"},
				"east": {"uv": [0, 0, 0.625, 1], "texture": "#0"},
				"south": {"uv": [0, 0, 0.875, 1], "texture": "#0"},
				"west": {"uv": [0, 0, 0.625, 1], "texture": "#0"},
				"up": {"uv": [0, 0, 0.875, 0.625], "texture": "#0"},
				"down": {"uv": [0, 0, 0.875, 0.625], "texture": "#0"}
			}
		}
	]
}