{
	"credit": "Made with Blockbench",
	"texture_size": [128, 128],
	"textures": {
		"0": "thecrown:item/cloud",
		"particle": "thecrown:item/cloud"
	},
	"elements": [
		{
			"from": [-8, 0.75, -4],
			"to": [-5.5, 14, 9],
			"rotation": {"angle": 0, "axis": "x", "origin": [4, -16, -4]},
			"faces": {
				"north": {"uv": [3.625, 0, 4, 4], "texture": "#0"},
				"east": {"uv": [1.75, 4, 3.47059, 8], "texture": "#0"},
				"south": {"uv": [4, 0, 4.375, 4], "texture": "#0"},
				"west": {"uv": [4.52941, 4, 6.25, 8], "texture": "#0"},
				"up": {"uv": [4, 11.47059, 3.625, 9.75], "texture": "#0"},
				"down": {"uv": [12, 1.75, 11.625, 3.47059], "texture": "#0"}
			}
		},
		{
			"from": [-5, 0.75, -7.5],
			"to": [12, 16, 9],
			"rotation": {"angle": 0, "axis": "x", "origin": [4, -16, -4]},
			"faces": {
				"north": {"uv": [1.5, 0, 3.625, 4], "texture": "#0"},
				"east": {"uv": [1.75, 4, 4, 8], "texture": "#0"},
				"south": {"uv": [4.375, 0, 6.5, 4], "texture": "#0"},
				"west": {"uv": [4, 4, 6.25, 8], "texture": "#0"},
				"up": {"uv": [3.625, 12, 1.5, 9.75], "texture": "#0"},
				"down": {"uv": [11.625, 1.75, 9.5, 4], "texture": "#0"}
			}
		},
		{
			"from": [-8, -5.75, 11],
			"to": [7, -1.5, 24],
			"rotation": {"angle": 0, "axis": "x", "origin": [4, -16, -4]},
			"faces": {
				"north": {"uv": [2.02632, 3.04762, 4, 4], "texture": "#0"},
				"east": {"uv": [0, 7.04762, 1.75, 8], "texture": "#0"},
				"south": {"uv": [4, 3.04762, 5.97368, 4], "texture": "#0"},
				"west": {"uv": [6.25, 7.04762, 8, 8], "texture": "#0"},
				"up": {"uv": [4, 9.75, 2.02632, 8], "texture": "#0"},
				"down": {"uv": [12, 0, 10.02632, 1.75], "texture": "#0"}
			}
		},
		{
			"from": [7, -4.75, -3],
			"to": [11, -0.5, 10],
			"rotation": {"angle": 0, "axis": "x", "origin": [4, -15, -18]},
			"faces": {
				"north": {"uv": [1.5, 3.04762, 2.02632, 4], "texture": "#0"},
				"east": {"uv": [0, 7.04762, 1.75, 8], "texture": "#0"},
				"south": {"uv": [5.97368, 3.04762, 6.5, 4], "texture": "#0"},
				"west": {"uv": [6.25, 7.04762, 8, 8], "texture": "#0"},
				"up": {"uv": [2.02632, 9.75, 1.5, 8], "texture": "#0"},
				"down": {"uv": [10.02632, 0, 9.5, 1.75], "texture": "#0"}
			}
		},
		{
			"from": [-8, -0.75, 11],
			"to": [11, 15.25, 24],
			"rotation": {"angle": 0, "axis": "x", "origin": [4, -16, -4]},
			"faces": {
				"north": {"uv": [1.5, 0, 4, 3.04762], "texture": "#0"},
				"east": {"uv": [0, 4, 1.75, 7.04762], "texture": "#0"},
				"south": {"uv": [4, 0, 6.5, 3.04762], "texture": "#0"},
				"west": {"uv": [6.25, 4, 8, 7.04762], "texture": "#0"},
				"up": {"uv": [4, 9.75, 1.5, 8], "texture": "#0"},
				"down": {"uv": [12, 0, 9.5, 1.75], "texture": "#0"}
			}
		},
		{
			"from": [13, -2.75, -8],
			"to": [24, 15.5, 3],
			"rotation": {"angle": 0, "axis": "x", "origin": [4, -16, -4]},
			"faces": {
				"north": {"uv": [0, 0, 1.5, 4], "texture": "#0"},
				"east": {"uv": [2.625, 4, 4, 8], "texture": "#0"},
				"south": {"uv": [6.5, 0, 8, 4], "texture": "#0"},
				"west": {"uv": [4, 4, 5.375, 8], "texture": "#0"},
				"up": {"uv": [1.5, 12, 0, 10.625], "texture": "#0"},
				"down": {"uv": [9.5, 2.625, 8, 4], "texture": "#0"}
			}
		},
		{
			"from": [13, -2.75, 3],
			"to": [23, 15.5, 5],
			"rotation": {"angle": 0, "axis": "x", "origin": [4, -16, -4]},
			"faces": {
				"north": {"uv": [0.13636, 0, 1.5, 4], "texture": "#0"},
				"east": {"uv": [2.375, 4, 2.625, 8], "texture": "#0"},
				"south": {"uv": [6.5, 0, 7.86364, 4], "texture": "#0"},
				"west": {"uv": [5.375, 4, 5.625, 8], "texture": "#0"},
				"up": {"uv": [1.5, 10.625, 0.13636, 10.375], "texture": "#0"},
				"down": {"uv": [9.5, 2.375, 8.13636, 2.625], "texture": "#0"}
			}
		},
		{
			"from": [13, -11.25, 7],
			"to": [24, -5.25, 16],
			"rotation": {"angle": 0, "axis": "x", "origin": [4, -16, -4]},
			"faces": {
				"north": {"uv": [0, 2.96296, 1.5, 4], "texture": "#0"},
				"east": {"uv": [1.01786, 6.96296, 2.375, 8], "texture": "#0"},
				"south": {"uv": [6.5, 2.96296, 8, 4], "texture": "#0"},
				"west": {"uv": [5.625, 6.96296, 6.98214, 8], "texture": "#0"},
				"up": {"uv": [1.5, 10.375, 0, 9.01786], "texture": "#0"},
				"down": {"uv": [9.5, 1.01786, 8, 2.375], "texture": "#0"}
			}
		},
		{
			"from": [13, -12.25, 16],
			"to": [24, -5.25, 21.75],
			"rotation": {"angle": 0, "axis": "x", "origin": [4, -16, -4]},
			"faces": {
				"north": {"uv": [0, 2.96296, 1.5, 4], "texture": "#0"},
				"east": {"uv": [0, 6.96296, 1.01786, 8], "texture": "#0"},
				"south": {"uv": [6.5, 2.96296, 8, 4], "texture": "#0"},
				"west": {"uv": [6.98214, 6.96296, 8, 8], "texture": "#0"},
				"up": {"uv": [1.5, 9.01786, 0, 8], "texture": "#0"},
				"down": {"uv": [9.5, 0, 8, 1.01786], "texture": "#0"}
			}
		},
		{
			"from": [13, -5.25, 7],
			"to": [24, 14.75, 22.75],
			"rotation": {"angle": 0, "axis": "x", "origin": [4, -16, -4]},
			"faces": {
				"north": {"uv": [0, 0, 1.5, 2.96296], "texture": "#0"},
				"east": {"uv": [0, 4, 2.375, 6.96296], "texture": "#0"},
				"south": {"uv": [6.5, 0, 8, 2.96296], "texture": "#0"},
				"west": {"uv": [5.625, 4, 8, 6.96296], "texture": "#0"},
				"up": {"uv": [1.5, 10.375, 0, 8], "texture": "#0"},
				"down": {"uv": [9.5, 0, 8, 2.375], "texture": "#0"}
			}
		}
	],
	"display": {}
}