{
	"credit": "Made with Blockbench",
	"textures": {
		"0": "thecrown:item/cloud",
		"particle": "thecrown:item/cloud"
	},
	"elements": [
		{
			"from": [1, 2, -6],
			"to": [23, 17, 7],
			"rotation": {"angle": 0, "axis": "y", "origin": [8, 15, 8]},
			"faces": {
				"north": {"uv": [0, 0, 5.875, 2.25], "texture": "#0"},
				"east": {"uv": [0, 0, 7.875, 1.5], "texture": "#0"},
				"south": {"uv": [0, 0, 5.625, 1.75], "texture": "#0"},
				"west": {"uv": [2.625, 7.25, 3.75, 11.75], "texture": "#0"},
				"up": {"uv": [0, 0, 4.375, 1.5], "texture": "#0"},
				"down": {"uv": [5, 5, 7.5, 7.625], "texture": "#0"}
			}
		},
		{
			"from": [4, -7, -3],
			"to": [19, 2, 5],
			"rotation": {"angle": 0, "axis": "y", "origin": [8, 6, 8]},
			"faces": {
				"north": {"uv": [6, 0, 8.5, 2], "texture": "#0"},
				"east": {"uv": [0, 0, 0.75, 6.75], "texture": "#0"},
				"south": {"uv": [9.875, 0, 11.875, 3.875], "texture": "#0"},
				"west": {"uv": [0, 0, 4.25, 1.25], "texture": "#0"},
				"up": {"uv": [0, 0, 15, 8], "texture": "#0"},
				"down": {"uv": [0, 6.75, 7.875, 7.75], "texture": "#0"}
			}
		},
		{
			"from": [6, 6, 7],
			"to": [22, 16, 20],
			"rotation": {"angle": 0, "axis": "y", "origin": [8, 15, 21]},
			"faces": {
				"north": {"uv": [0, 0, 1.625, 1.625], "texture": "#0"},
				"east": {"uv": [9.75, 0, 11.625, 3.5], "texture": "#0"},
				"south": {"uv": [0, 0, 8.75, 1.25], "texture": "#0"},
				"west": {"uv": [1.25, 9.25, 3.875, 11.625], "texture": "#0"},
				"up": {"uv": [0, 0, 1.875, 5.125], "texture": "#0"},
				"down": {"uv": [0, 0, 1.625, 5.125], "texture": "#0"}
			}
		},
		{
			"from": [9, 3, 7],
			"to": [19, 6, 15],
			"rotation": {"angle": 0, "axis": "y", "origin": [8, 15, 21]},
			"faces": {
				"north": {"uv": [0, 0, 10, 3], "texture": "#0"},
				"east": {"uv": [0, 0, 3, 1.875], "texture": "#0"},
				"south": {"uv": [0, 0, 10, 3], "texture": "#0"},
				"west": {"uv": [0, 0, 8, 3], "texture": "#0"},
				"up": {"uv": [0, 0, 9.125, 1.25], "texture": "#0"},
				"down": {"uv": [0, 0, 1.125, 3.625], "texture": "#0"}
			}
		},
		{
			"from": [11, -11, -1],
			"to": [18, -8, 3],
			"rotation": {"angle": 0, "axis": "y", "origin": [8, 1, 12]},
			"faces": {
				"north": {"uv": [0, 0, 3.75, 1.5], "texture": "#0"},
				"east": {"uv": [0, 0, 4, 3], "texture": "#0"},
				"south": {"uv": [0, 6.875, 0.75, 7.375], "texture": "#0"},
				"west": {"uv": [0, 0, 4, 3], "texture": "#0"},
				"up": {"uv": [0, 0, 7, 4], "texture": "#0"},
				"down": {"uv": [0, 0, 7, 4], "texture": "#0"}
			}
		},
		{
			"from": [-8, -2, 9],
			"to": [4, 17, 21],
			"faces": {
				"north": {"uv": [0, 0, 11.75, 1], "texture": "#0"},
				"east": {"uv": [0, 10.125, 3.5, 11.625], "texture": "#0"},
				"south": {"uv": [5.25, 5.5, 7.875, 8], "texture": "#0"},
				"west": {"uv": [9.5, 0, 10.375, 3.625], "texture": "#0"},
				"up": {"uv": [0, 0, 1.25, 7.25], "texture": "#0"},
				"down": {"uv": [2.75, 6.125, 4, 10.25], "texture": "#0"}
			}
		},
		{
			"from": [-6, -12, 11],
			"to": [2, -2, 20],
			"rotation": {"angle": 0, "axis": "y", "origin": [0, -10, 0]},
			"faces": {
				"north": {"uv": [0, 0, 8, 0.75], "texture": "#0"},
				"east": {"uv": [7.5, 0, 9, 2.875], "texture": "#0"},
				"south": {"uv": [0, 0, 0.875, 5.875], "texture": "#0"},
				"west": {"uv": [2.75, 8.875, 3.75, 11.625], "texture": "#0"},
				"up": {"uv": [0, 0, 7.25, 0.875], "texture": "#0"},
				"down": {"uv": [0, 0, 2.125, 0.875], "texture": "#0"}
			}
		},
		{
			"from": [-3, -8, 10],
			"to": [-1, -2, 11],
			"rotation": {"angle": 0, "axis": "y", "origin": [0, -10, -1]},
			"faces": {
				"north": {"uv": [0.625, 0, 1.625, 6], "texture": "#0"},
				"east": {"uv": [0, 0, 1, 6], "texture": "#0"},
				"south": {"uv": [0, 0, 2, 6], "texture": "#0"},
				"west": {"uv": [0, 0, 1, 6], "texture": "#0"},
				"up": {"uv": [0, 0, 2, 1], "texture": "#0"},
				"down": {"uv": [0, 0, 2, 1], "texture": "#0"}
			}
		},
		{
			"from": [-8, 3, -3],
			"to": [0, 16, 9],
			"rotation": {"angle": 0, "axis": "y", "origin": [0, 0, -12]},
			"faces": {
				"north": {"uv": [8.375, 0, 8.625, 1.125], "texture": "#0"},
				"east": {"uv": [0, 0, 12, 13], "texture": "#0"},
				"south": {"uv": [0, 0, 7.25, 0.75], "texture": "#0"},
				"west": {"uv": [0, 0, 0.625, 11.625], "texture": "#0"},
				"up": {"uv": [7.375, 0, 8, 3.375], "texture": "#0"},
				"down": {"uv": [0, 0, 0.5, 12], "texture": "#0"}
			}
		}
	]
}