{
	"credit": "Made with Blockbench",
	"texture_size": [64, 64],
	"textures": {
		"0": "thecrown:item/susso",
		"particle": "thecrown:item/susso"
	},
	"elements": [
		{
			"from": [3, 3, 3],
			"to": [13, 4, 13],
			"rotation": {"angle": 0, "axis": "x", "origin": [0, 3, 0]},
			"faces": {
				"north": {"uv": [10, 3, 12.5, 3.25], "texture": "#0"},
				"east": {"uv": [10, 3.25, 12.5, 3.5], "texture": "#0"},
				"south": {"uv": [3.5, 10, 6, 10.25], "texture": "#0"},
				"west": {"uv": [10, 3.5, 12.5, 3.75], "texture": "#0"},
				"up": {"uv": [10, 2.5, 7.5, 0], "texture": "#0"},
				"down": {"uv": [10, 2.5, 7.5, 5], "texture": "#0"}
			}
		},
		{
			"from": [5, 5, 5],
			"to": [11, 6, 11],
			"rotation": {"angle": 0, "axis": "y", "origin": [0, 5, 0]},
			"faces": {
				"north": {"uv": [10, 4.5, 11.5, 4.75], "texture": "#0"},
				"east": {"uv": [10, 4.75, 11.5, 5], "texture": "#0"},
				"south": {"uv": [6, 10, 7.5, 10.25], "texture": "#0"},
				"west": {"uv": [10, 7, 11.5, 7.25], "texture": "#0"},
				"up": {"uv": [3.5, 9.5, 2, 8], "texture": "#0"},
				"down": {"uv": [3.5, 9.5, 2, 11], "texture": "#0"}
			}
		},
		{
			"from": [6, 6, 6],
			"to": [10, 7, 10],
			"rotation": {"angle": 0, "axis": "y", "origin": [0, 6, 0]},
			"faces": {
				"north": {"uv": [10, 7.25, 11, 7.5], "texture": "#0"},
				"east": {"uv": [7.5, 10, 8.5, 10.25], "texture": "#0"},
				"south": {"uv": [10, 7.5, 11, 7.75], "texture": "#0"},
				"west": {"uv": [10, 7.75, 11, 8], "texture": "#0"},
				"up": {"uv": [10.5, 6, 9.5, 5], "texture": "#0"},
				"down": {"uv": [10.5, 6, 9.5, 7], "texture": "#0"}
			}
		},
		{
			"from": [4, 4, 4],
			"to": [12, 5, 12],
			"rotation": {"angle": 0, "axis": "y", "origin": [0, 4, 0]},
			"faces": {
				"north": {"uv": [0, 10, 2, 10.25], "texture": "#0"},
				"east": {"uv": [10, 3.75, 12, 4], "texture": "#0"},
				"south": {"uv": [10, 4, 12, 4.25], "texture": "#0"},
				"west": {"uv": [10, 4.25, 12, 4.5], "texture": "#0"},
				"up": {"uv": [9.5, 7, 7.5, 5], "texture": "#0"},
				"down": {"uv": [2, 8, 0, 10], "texture": "#0"}
			}
		},
		{
			"from": [1, 1, 1],
			"to": [15, 2, 15],
			"rotation": {"angle": 0, "axis": "y", "origin": [0, 1, 0]},
			"faces": {
				"north": {"uv": [10, 1, 13.5, 1.25], "texture": "#0"},
				"east": {"uv": [10, 1.25, 13.5, 1.5], "texture": "#0"},
				"south": {"uv": [10, 1.5, 13.5, 1.75], "texture": "#0"},
				"west": {"uv": [10, 1.75, 13.5, 2], "texture": "#0"},
				"up": {"uv": [7.5, 3.5, 4, 0], "texture": "#0"},
				"down": {"uv": [7.5, 3.5, 4, 7], "texture": "#0"}
			}
		},
		{
			"from": [2, 2, 2],
			"to": [14, 3, 14],
			"rotation": {"angle": 0, "axis": "y", "origin": [0, 2, 0]},
			"faces": {
				"north": {"uv": [10, 2, 13, 2.25], "texture": "#0"},
				"east": {"uv": [10, 2.25, 13, 2.5], "texture": "#0"},
				"south": {"uv": [10, 2.5, 13, 2.75], "texture": "#0"},
				"west": {"uv": [10, 2.75, 13, 3], "texture": "#0"},
				"up": {"uv": [7, 10, 4, 7], "texture": "#0"},
				"down": {"uv": [10, 7, 7, 10], "texture": "#0"}
			}
		},
		{
			"from": [0, 0, 0],
			"to": [16, 1, 16],
			"faces": {
				"north": {"uv": [10, 0, 14, 0.25], "texture": "#0"},
				"east": {"uv": [10, 0.25, 14, 0.5], "texture": "#0"},
				"south": {"uv": [10, 0.5, 14, 0.75], "texture": "#0"},
				"west": {"uv": [10, 0.75, 14, 1], "texture": "#0"},
				"up": {"uv": [4, 4, 0, 0], "texture": "#0"},
				"down": {"uv": [4, 4, 0, 8], "texture": "#0"}
			}
		}
	],
	"display": {
		"ground": {
			"translation": [0, 3.25, 0]
		},
		"head": {
			"translation": [0, 14.25, 0]
		}
	}
}